info@craftedcharmweddingplanning.com,Crafted Charm Wedding Planning,Charlotte,NC,CRAFTEDCHA0431,https://cardcraft-saas.vercel.app?ref=CRAFTEDCHA0431
hello@jackiefogartie.com,Jackie Fogartie Events,Charlotte,NC,JACKIEFOGA0432,https://cardcraft-saas.vercel.app?ref=JACKIEFOGA0432
info@southernsavvyevents.com,Southern Savvy Events,Charlotte,NC,SOUTHERNSA0434,https://cardcraft-saas.vercel.app?ref=SOUTHERNSA0434
hello@kellyandcoevents.com,Kelly & Co. Events,Charlotte,NC,KELLYANDCO0435,https://cardcraft-saas.vercel.app?ref=KELLYANDCO0435
info@ellemevents.com,Elle M Events,Charlotte,NC,ELLEMEVENT0436,https://cardcraft-saas.vercel.app?ref=ELLEMEVENT0436
libby@detailsweddingplanning.com,Details Wedding Planning,Charlotte,NC,DETAILSWED0437,https://cardcraft-saas.vercel.app?ref=DETAILSWED0437
info@harmonyweddingsnc.com,Harmony Weddings,Raleigh,NC,HARMONYWED0442,https://cardcraft-saas.vercel.app?ref=HARMONYWED0442
jessicaalexanderevents@gmail.com,Jessica Alexander Events,Raleigh,NC,JESSICAALE0444,https://cardcraft-saas.vercel.app?ref=JESSICAALE0444
hello@biancanichole.com,Bianca Nichole,Raleigh,NC,BIANCANICH0445,https://cardcraft-saas.vercel.app?ref=BIANCANICH0445
info@significanteventsnc.com,Significant Events,Raleigh,NC,SIGNIFICAN0446,https://cardcraft-saas.vercel.app?ref=SIGNIFICAN0446
info@sweetsarabelle.com,Sweet SaraBelle,Raleigh,NC,SWEETSARAB0447,https://cardcraft-saas.vercel.app?ref=SWEETSARAB0447
info@charlestonweddingplanner.com,Charleston Wedding Planner,Charleston,SC,CHARLESTON0450,https://cardcraft-saas.vercel.app?ref=CHARLESTON0450
Vanessa@spectacularsaturdays.com,Spectacular Saturdays,Savannah,GA,SPECTACULA0451,https://cardcraft-saas.vercel.app?ref=SPECTACULA0451
info@taraskinnerevents.com,Tara Skinner Events,Savannah,GA,TARASKINNE0453,https://cardcraft-saas.vercel.app?ref=TARASKINNE0453
hello@designstudiosouth.com,Design Studio South,Savannah,GA,DESIGNSTUD0454,https://cardcraft-saas.vercel.app?ref=DESIGNSTUD0454
hello@redvelvetcollective.com,Red Velvet Collective,Jacksonville,FL,REDVELVETC0455,https://cardcraft-saas.vercel.app?ref=REDVELVETC0455
adair@dairingevents.com,Dairing Events,Jacksonville,FL,DAIRINGEVE0457,https://cardcraft-saas.vercel.app?ref=DAIRINGEVE0457
info@firstcoastweddings.com,First Coast Weddings and Events,Jacksonville,FL,FIRSTCOAST0458,https://cardcraft-saas.vercel.app?ref=FIRSTCOAST0458
info@flaireweddings.com,Flaire Weddings,Jacksonville,FL,FLAIREWEDD0459,https://cardcraft-saas.vercel.app?ref=FLAIREWEDD0459
info@erikaobrienevents.com,Erika O'Brien Events,Tampa,FL,ERIKAOBRIE0462,https://cardcraft-saas.vercel.app?ref=ERIKAOBRIE0462
marykate@eventsbymarykate.com,Events by Marykate,Tampa,FL,EVENTSBYMA0464,https://cardcraft-saas.vercel.app?ref=EVENTSBYMA0464
info@designedbyunique.com,UNIQUE Weddings + Events,Tampa,FL,UNIQUEWEDD0465,https://cardcraft-saas.vercel.app?ref=UNIQUEWEDD0465
hello@saepevents.com,SAEP By Stephanie Arias,Tampa,FL,SAEPEVENTS0466,https://cardcraft-saas.vercel.app?ref=SAEPEVENTS0466
info@winsoreventstudio.com,Winsor Event Studio,Tampa,FL,WINSOREVEN0467,https://cardcraft-saas.vercel.app?ref=WINSOREVEN0467
sarah@onefinedayinc.com,One Fine Day,Tampa,FL,ONEFINEDAY0468,https://cardcraft-saas.vercel.app?ref=ONEFINEDAY0468
hakunamatataweddings@gmail.com,Hakuna Matata Weddings,Tampa,FL,HAKUNAMAT0469,https://cardcraft-saas.vercel.app?ref=HAKUNAMAT0469
info@lanierandcompany.com,Lanier & Company,Charleston,SC,LANIERAND0470,https://cardcraft-saas.vercel.app?ref=LANIERAND0470
hello@popthebubbly.com,Pop the Bubbly,Charleston,SC,POPTHEBUB0471,https://cardcraft-saas.vercel.app?ref=POPTHEBUB0471
info@loluma.com,Loluma,Charleston,SC,LOLUMA0472,https://cardcraft-saas.vercel.app?ref=LOLUMA0472
info@anderseoneventdesign.com,Anderson Event Design,Charleston,SC,ANDERSONEV0473,https://cardcraft-saas.vercel.app?ref=ANDERSONEV0473
hello@carolinaoccasions.com,Carolina Occasions,Charleston,SC,CAROLINAO0474,https://cardcraft-saas.vercel.app?ref=CAROLINAO0474
hello@reynoldstreasures.com,Reynolds Treasures,Charleston,SC,REYNOLDST0475,https://cardcraft-saas.vercel.app?ref=REYNOLDST0475
info@christinabaxter.com,Christina Baxter Weddings,Charleston,SC,CHRISTINAB0476,https://cardcraft-saas.vercel.app?ref=CHRISTINAB0476
info@everlastingmemoriessavannah.com,Everlasting Memories,Savannah,GA,EVERLASTIN0477,https://cardcraft-saas.vercel.app?ref=EVERLASTIN0477
hello@kylesvineweddings.com,Kyle & Vine Weddings,Savannah,GA,KYLEVINEW0478,https://cardcraft-saas.vercel.app?ref=KYLEVINEW0478
info@porttowncollective.com,Port Town Collective,Savannah,GA,PORTTOWNC0479,https://cardcraft-saas.vercel.app?ref=PORTTOWNC0479
